station,stationCode,observedDate,metric,value,unit,provider,resolution,aggregation,quality,sourceFile
Novo Selo,novo-selo,2022-01-01,water_discharge,5578.0,m3/s,appd-bg,daily,daily_mean,official,novo-selo-2022.pdf
Novo Selo,novo-selo,2022-01-02,water_discharge,5719.0,m3/s,appd-bg,daily,daily_mean,official,novo-selo-2022.pdf
Novo Selo,novo-selo,2022-01-03,water_discharge,6121.0,m3/s,appd-bg,daily,daily_mean,official,novo-selo-2022.pdf
Novo Selo,novo-selo,2022-01-04,water_discharge,6929.0,m3/s,appd-bg,daily,daily_mean,official,novo-selo-2022.pdf
Novo Selo,novo-selo,2022-01-05,water_discharge,6696.0,m3/s,appd-bg,daily,daily_mean,official,novo-selo-2022.pdf
Novo Selo,novo-selo,2022-01-06,water_discharge,6601.0,m3/s,appd-bg,daily,daily_mean,official,novo-selo-2022.pdf
Novo Selo,novo-selo,2022-01-07,water_discharge,6306.0,m3/s,appd-bg,daily,daily_mean,official,novo-selo-2022.pdf
Novo Selo,novo-selo,2022-01-08,water_discharge,6399.0,m3/s,appd-bg,daily,daily_mean,official,novo-selo-2022.pdf
Novo Selo,novo-selo,2022-01-09,water_discharge,6984.0,m3/s,appd-bg,daily,daily_mean,official,novo-selo-2022.pdf
Novo Selo,novo-selo,2022-01-10,water_discharge,6846.0,m3/s,appd-bg,daily,daily_mean,official,novo-selo-2022.pdf
Novo Selo,novo-selo,2022-01-11,water_discharge,7081.0,m3/s,appd-bg,daily,daily_mean,official,novo-selo-2022.pdf
Novo Selo,novo-selo,2022-01-12,water_discharge,6466.0,m3/s,appd-bg,daily,daily_mean,official,novo-selo-2022.pdf
Novo Selo,novo-selo,2022-01-13,water_discharge,6588.0,m3/s,appd-bg,daily,daily_mean,official,novo-selo-2022.pdf
Novo Selo,novo-selo,2022-01-14,water_discharge,6520.0,m3/s,appd-bg,daily,daily_mean,official,novo-selo-2022.pdf
Novo Selo,novo-selo,2022-01-15,water_discharge,6134.0,m3/s,appd-bg,daily,daily_mean,official,novo-selo-2022.pdf
Novo Selo,novo-selo,2022-01-16,water_discharge,5977.0,m3/s,appd-bg,daily,daily_mean,official,novo-selo-2022.pdf
Novo Selo,novo-selo,2022-01-17,water_discharge,5364.0,m3/s,appd-bg,daily,daily_mean,official,novo-selo-2022.pdf
Novo Selo,novo-selo,2022-01-18,water_discharge,5289.0,m3/s,appd-bg,daily,daily_mean,official,novo-selo-2022.pdf
Novo Selo,novo-selo,2022-01-19,water_discharge,5477.0,m3/s,appd-bg,daily,daily_mean,official,novo-selo-2022.pdf
Novo Selo,novo-selo,2022-01-20,water_discharge,5153.0,m3/s,appd-bg,daily,daily_mean,official,novo-selo-2022.pdf
Novo Selo,novo-selo,2022-01-21,water_discharge,4727.0,m3/s,appd-bg,daily,daily_mean,official,novo-selo-2022.pdf
Novo Selo,novo-selo,2022-01-22,water_discharge,4245.0,m3/s,appd-bg,daily,daily_mean,official,novo-selo-2022.pdf
Novo Selo,novo-selo,2022-01-23,water_discharge,4006.0,m3/s,appd-bg,daily,daily_mean,official,novo-selo-2022.pdf
Novo Selo,novo-selo,2022-01-24,water_discharge,3972.0,m3/s,appd-bg,daily,daily_mean,official,novo-selo-2022.pdf
Novo Selo,novo-selo,2022-01-25,water_discharge,3960.0,m3/s,appd-bg,daily,daily_mean,official,novo-selo-2022.pdf
Novo Selo,novo-selo,2022-01-26,water_discharge,3915.0,m3/s,appd-bg,daily,daily_mean,official,novo-selo-2022.pdf
Novo Selo,novo-selo,2022-01-27,water_discharge,3826.0,m3/s,appd-bg,daily,daily_mean,official,novo-selo-2022.pdf
Novo Selo,novo-selo,2022-01-28,water_discharge,3671.0,m3/s,appd-bg,daily,daily_mean,official,novo-selo-2022.pdf
Novo Selo,novo-selo,2022-01-29,water_discharge,3496.0,m3/s,appd-bg,daily,daily_mean,official,novo-selo-2022.pdf
Novo Selo,novo-selo,2022-01-30,water_discharge,3453.0,m3/s,appd-bg,daily,daily_mean,official,novo-selo-2022.pdf
Novo Selo,novo-selo,2022-01-31,water_discharge,3453.0,m3/s,appd-bg,daily,daily_mean,official,novo-selo-2022.pdf
Novo Selo,novo-selo,2022-02-01,water_discharge,3572.0,m3/s,appd-bg,daily,daily_mean,official,novo-selo-2022.pdf
Novo Selo,novo-selo,2022-02-02,water_discharge,3551.0,m3/s,appd-bg,daily,daily_mean,official,novo-selo-2022.pdf
Novo Selo,novo-selo,2022-02-03,water_discharge,3453.0,m3/s,appd-bg,daily,daily_mean,official,novo-selo-2022.pdf
Novo Selo,novo-selo,2022-02-04,water_discharge,3464.0,m3/s,appd-bg,daily,daily_mean,official,novo-selo-2022.pdf
Novo Selo,novo-selo,2022-02-05,water_discharge,3507.0,m3/s,appd-bg,daily,daily_mean,official,novo-selo-2022.pdf
Novo Selo,novo-selo,2022-02-06,water_discharge,3518.0,m3/s,appd-bg,daily,daily_mean,official,novo-selo-2022.pdf
Novo Selo,novo-selo,2022-02-07,water_discharge,3367.0,m3/s,appd-bg,daily,daily_mean,official,novo-selo-2022.pdf
Novo Selo,novo-selo,2022-02-08,water_discharge,3518.0,m3/s,appd-bg,daily,daily_mean,official,novo-selo-2022.pdf
Novo Selo,novo-selo,2022-02-09,water_discharge,3540.0,m3/s,appd-bg,daily,daily_mean,official,novo-selo-2022.pdf
Novo Selo,novo-selo,2022-02-10,water_discharge,3682.0,m3/s,appd-bg,daily,daily_mean,official,novo-selo-2022.pdf
Novo Selo,novo-selo,2022-02-11,water_discharge,3904.0,m3/s,appd-bg,daily,daily_mean,official,novo-selo-2022.pdf
Novo Selo,novo-selo,2022-02-12,water_discharge,4028.0,m3/s,appd-bg,daily,daily_mean,official,novo-selo-2022.pdf
Novo Selo,novo-selo,2022-02-13,water_discharge,4074.0,m3/s,appd-bg,daily,daily_mean,official,novo-selo-2022.pdf
Novo Selo,novo-selo,2022-02-14,water_discharge,4222.0,m3/s,appd-bg,daily,daily_mean,official,novo-selo-2022.pdf
Novo Selo,novo-selo,2022-02-15,water_discharge,4338.0,m3/s,appd-bg,daily,daily_mean,official,novo-selo-2022.pdf
Novo Selo,novo-selo,2022-02-16,water_discharge,4385.0,m3/s,appd-bg,daily,daily_mean,official,novo-selo-2022.pdf
Novo Selo,novo-selo,2022-02-17,water_discharge,4478.0,m3/s,appd-bg,daily,daily_mean,official,novo-selo-2022.pdf
Novo Selo,novo-selo,2022-02-18,water_discharge,4396.0,m3/s,appd-bg,daily,daily_mean,official,novo-selo-2022.pdf
Novo Selo,novo-selo,2022-02-19,water_discharge,4420.0,m3/s,appd-bg,daily,daily_mean,official,novo-selo-2022.pdf
Novo Selo,novo-selo,2022-02-20,water_discharge,4188.0,m3/s,appd-bg,daily,daily_mean,official,novo-selo-2022.pdf
Novo Selo,novo-selo,2022-02-21,water_discharge,4350.0,m3/s,appd-bg,daily,daily_mean,official,novo-selo-2022.pdf
Novo Selo,novo-selo,2022-02-22,water_discharge,4715.0,m3/s,appd-bg,daily,daily_mean,official,novo-selo-2022.pdf
Novo Selo,novo-selo,2022-02-23,water_discharge,4751.0,m3/s,appd-bg,daily,daily_mean,official,novo-selo-2022.pdf
Novo Selo,novo-selo,2022-02-24,water_discharge,5339.0,m3/s,appd-bg,daily,daily_mean,official,novo-selo-2022.pdf
Novo Selo,novo-selo,2022-02-25,water_discharge,5629.0,m3/s,appd-bg,daily,daily_mean,official,novo-selo-2022.pdf
Novo Selo,novo-selo,2022-02-26,water_discharge,5809.0,m3/s,appd-bg,daily,daily_mean,official,novo-selo-2022.pdf
Novo Selo,novo-selo,2022-02-27,water_discharge,5822.0,m3/s,appd-bg,daily,daily_mean,official,novo-selo-2022.pdf
Novo Selo,novo-selo,2022-02-28,water_discharge,5264.0,m3/s,appd-bg,daily,daily_mean,official,novo-selo-2022.pdf
Novo Selo,novo-selo,2022-03-01,water_discharge,5540.0,m3/s,appd-bg,daily,daily_mean,official,novo-selo-2022.pdf
Novo Selo,novo-selo,2022-03-02,water_discharge,5326.0,m3/s,appd-bg,daily,daily_mean,official,novo-selo-2022.pdf
Novo Selo,novo-selo,2022-03-03,water_discharge,5067.0,m3/s,appd-bg,daily,daily_mean,official,novo-selo-2022.pdf
Novo Selo,novo-selo,2022-03-04,water_discharge,5103.0,m3/s,appd-bg,daily,daily_mean,official,novo-selo-2022.pdf
Novo Selo,novo-selo,2022-03-05,water_discharge,4932.0,m3/s,appd-bg,daily,daily_mean,official,novo-selo-2022.pdf
Novo Selo,novo-selo,2022-03-06,water_discharge,4703.0,m3/s,appd-bg,daily,daily_mean,official,novo-selo-2022.pdf
Novo Selo,novo-selo,2022-03-07,water_discharge,4361.0,m3/s,appd-bg,daily,daily_mean,official,novo-selo-2022.pdf
Novo Selo,novo-selo,2022-03-08,water_discharge,4326.0,m3/s,appd-bg,daily,daily_mean,official,novo-selo-2022.pdf
Novo Selo,novo-selo,2022-03-09,water_discharge,4119.0,m3/s,appd-bg,daily,daily_mean,official,novo-selo-2022.pdf
Novo Selo,novo-selo,2022-03-10,water_discharge,3949.0,m3/s,appd-bg,daily,daily_mean,official,novo-selo-2022.pdf
Novo Selo,novo-selo,2022-03-11,water_discharge,3826.0,m3/s,appd-bg,daily,daily_mean,official,novo-selo-2022.pdf
Novo Selo,novo-selo,2022-03-12,water_discharge,3804.0,m3/s,appd-bg,daily,daily_mean,official,novo-selo-2022.pdf
Novo Selo,novo-selo,2022-03-13,water_discharge,3682.0,m3/s,appd-bg,daily,daily_mean,official,novo-selo-2022.pdf
Novo Selo,novo-selo,2022-03-14,water_discharge,3627.0,m3/s,appd-bg,daily,daily_mean,official,novo-selo-2022.pdf
Novo Selo,novo-selo,2022-03-15,water_discharge,3551.0,m3/s,appd-bg,daily,daily_mean,official,novo-selo-2022.pdf
Novo Selo,novo-selo,2022-03-16,water_discharge,3486.0,m3/s,appd-bg,daily,daily_mean,official,novo-selo-2022.pdf
Novo Selo,novo-selo,2022-03-17,water_discharge,3421.0,m3/s,appd-bg,daily,daily_mean,official,novo-selo-2022.pdf
Novo Selo,novo-selo,2022-03-18,water_discharge,3229.0,m3/s,appd-bg,daily,daily_mean,official,novo-selo-2022.pdf
Novo Selo,novo-selo,2022-03-19,water_discharge,3240.0,m3/s,appd-bg,daily,daily_mean,official,novo-selo-2022.pdf
Novo Selo,novo-selo,2022-03-20,water_discharge,3335.0,m3/s,appd-bg,daily,daily_mean,official,novo-selo-2022.pdf
Novo Selo,novo-selo,2022-03-21,water_discharge,3367.0,m3/s,appd-bg,daily,daily_mean,official,novo-selo-2022.pdf
Novo Selo,novo-selo,2022-03-22,water_discharge,3421.0,m3/s,appd-bg,daily,daily_mean,official,novo-selo-2022.pdf
Novo Selo,novo-selo,2022-03-23,water_discharge,3346.0,m3/s,appd-bg,daily,daily_mean,official,novo-selo-2022.pdf
Novo Selo,novo-selo,2022-03-24,water_discharge,3496.0,m3/s,appd-bg,daily,daily_mean,official,novo-selo-2022.pdf
Novo Selo,novo-selo,2022-03-25,water_discharge,3335.0,m3/s,appd-bg,daily,daily_mean,official,novo-selo-2022.pdf
Novo Selo,novo-selo,2022-03-26,water_discharge,3250.0,m3/s,appd-bg,daily,daily_mean,official,novo-selo-2022.pdf
Novo Selo,novo-selo,2022-03-27,water_discharge,3367.0,m3/s,appd-bg,daily,daily_mean,official,novo-selo-2022.pdf
Novo Selo,novo-selo,2022-03-28,water_discharge,3367.0,m3/s,appd-bg,daily,daily_mean,official,novo-selo-2022.pdf
Novo Selo,novo-selo,2022-03-29,water_discharge,3282.0,m3/s,appd-bg,daily,daily_mean,official,novo-selo-2022.pdf
Novo Selo,novo-selo,2022-03-30,water_discharge,3271.0,m3/s,appd-bg,daily,daily_mean,official,novo-selo-2022.pdf
Novo Selo,novo-selo,2022-03-31,water_discharge,3197.0,m3/s,appd-bg,daily,daily_mean,official,novo-selo-2022.pdf
Novo Selo,novo-selo,2022-04-01,water_discharge,3562.0,m3/s,appd-bg,daily,daily_mean,official,novo-selo-2022.pdf
Novo Selo,novo-selo,2022-04-02,water_discharge,3605.0,m3/s,appd-bg,daily,daily_mean,official,novo-selo-2022.pdf
Novo Selo,novo-selo,2022-04-03,water_discharge,3770.0,m3/s,appd-bg,daily,daily_mean,official,novo-selo-2022.pdf
Novo Selo,novo-selo,2022-04-04,water_discharge,4199.0,m3/s,appd-bg,daily,daily_mean,official,novo-selo-2022.pdf
Novo Selo,novo-selo,2022-04-05,water_discharge,4691.0,m3/s,appd-bg,daily,daily_mean,official,novo-selo-2022.pdf
Novo Selo,novo-selo,2022-04-06,water_discharge,5005.0,m3/s,appd-bg,daily,daily_mean,official,novo-selo-2022.pdf
Novo Selo,novo-selo,2022-04-07,water_discharge,4751.0,m3/s,appd-bg,daily,daily_mean,official,novo-selo-2022.pdf
Novo Selo,novo-selo,2022-04-08,water_discharge,5239.0,m3/s,appd-bg,daily,daily_mean,official,novo-selo-2022.pdf
Novo Selo,novo-selo,2022-04-09,water_discharge,5693.0,m3/s,appd-bg,daily,daily_mean,official,novo-selo-2022.pdf
Novo Selo,novo-selo,2022-04-10,water_discharge,5502.0,m3/s,appd-bg,daily,daily_mean,official,novo-selo-2022.pdf
Novo Selo,novo-selo,2022-04-11,water_discharge,5502.0,m3/s,appd-bg,daily,daily_mean,official,novo-selo-2022.pdf
Novo Selo,novo-selo,2022-04-12,water_discharge,5744.0,m3/s,appd-bg,daily,daily_mean,official,novo-selo-2022.pdf
Novo Selo,novo-selo,2022-04-13,water_discharge,5744.0,m3/s,appd-bg,daily,daily_mean,official,novo-selo-2022.pdf
Novo Selo,novo-selo,2022-04-14,water_discharge,5873.0,m3/s,appd-bg,daily,daily_mean,official,novo-selo-2022.pdf
Novo Selo,novo-selo,2022-04-15,water_discharge,5990.0,m3/s,appd-bg,daily,daily_mean,official,novo-selo-2022.pdf
Novo Selo,novo-selo,2022-04-16,water_discharge,5744.0,m3/s,appd-bg,daily,daily_mean,official,novo-selo-2022.pdf
Novo Selo,novo-selo,2022-04-17,water_discharge,5427.0,m3/s,appd-bg,daily,daily_mean,official,novo-selo-2022.pdf
Novo Selo,novo-selo,2022-04-18,water_discharge,5809.0,m3/s,appd-bg,daily,daily_mean,official,novo-selo-2022.pdf
Novo Selo,novo-selo,2022-04-19,water_discharge,5528.0,m3/s,appd-bg,daily,daily_mean,official,novo-selo-2022.pdf
Novo Selo,novo-selo,2022-04-20,water_discharge,5389.0,m3/s,appd-bg,daily,daily_mean,official,novo-selo-2022.pdf
Novo Selo,novo-selo,2022-04-21,water_discharge,5770.0,m3/s,appd-bg,daily,daily_mean,official,novo-selo-2022.pdf
Novo Selo,novo-selo,2022-04-22,water_discharge,5439.0,m3/s,appd-bg,daily,daily_mean,official,novo-selo-2022.pdf
Novo Selo,novo-selo,2022-04-23,water_discharge,5103.0,m3/s,appd-bg,daily,daily_mean,official,novo-selo-2022.pdf
Novo Selo,novo-selo,2022-04-24,water_discharge,4872.0,m3/s,appd-bg,daily,daily_mean,official,novo-selo-2022.pdf
Novo Selo,novo-selo,2022-04-25,water_discharge,4385.0,m3/s,appd-bg,daily,daily_mean,official,novo-selo-2022.pdf
Novo Selo,novo-selo,2022-04-26,water_discharge,4679.0,m3/s,appd-bg,daily,daily_mean,official,novo-selo-2022.pdf
Novo Selo,novo-selo,2022-04-27,water_discharge,4957.0,m3/s,appd-bg,daily,daily_mean,official,novo-selo-2022.pdf
Novo Selo,novo-selo,2022-04-28,water_discharge,4896.0,m3/s,appd-bg,daily,daily_mean,official,novo-selo-2022.pdf
Novo Selo,novo-selo,2022-04-29,water_discharge,4763.0,m3/s,appd-bg,daily,daily_mean,official,novo-selo-2022.pdf
Novo Selo,novo-selo,2022-04-30,water_discharge,4514.0,m3/s,appd-bg,daily,daily_mean,official,novo-selo-2022.pdf
Novo Selo,novo-selo,2022-05-01,water_discharge,4763.0,m3/s,appd-bg,daily,daily_mean,official,novo-selo-2022.pdf
Novo Selo,novo-selo,2022-05-02,water_discharge,4632.0,m3/s,appd-bg,daily,daily_mean,official,novo-selo-2022.pdf
Novo Selo,novo-selo,2022-05-03,water_discharge,4981.0,m3/s,appd-bg,daily,daily_mean,official,novo-selo-2022.pdf
Novo Selo,novo-selo,2022-05-04,water_discharge,5873.0,m3/s,appd-bg,daily,daily_mean,official,novo-selo-2022.pdf
Novo Selo,novo-selo,2022-05-05,water_discharge,5054.0,m3/s,appd-bg,daily,daily_mean,official,novo-selo-2022.pdf
Novo Selo,novo-selo,2022-05-06,water_discharge,5314.0,m3/s,appd-bg,daily,daily_mean,official,novo-selo-2022.pdf
Novo Selo,novo-selo,2022-05-07,water_discharge,5177.0,m3/s,appd-bg,daily,daily_mean,official,novo-selo-2022.pdf
Novo Selo,novo-selo,2022-05-08,water_discharge,4872.0,m3/s,appd-bg,daily,daily_mean,official,novo-selo-2022.pdf
Novo Selo,novo-selo,2022-05-09,water_discharge,4620.0,m3/s,appd-bg,daily,daily_mean,official,novo-selo-2022.pdf
Novo Selo,novo-selo,2022-05-10,water_discharge,4584.0,m3/s,appd-bg,daily,daily_mean,official,novo-selo-2022.pdf
Novo Selo,novo-selo,2022-05-11,water_discharge,4466.0,m3/s,appd-bg,daily,daily_mean,official,novo-selo-2022.pdf
Novo Selo,novo-selo,2022-05-12,water_discharge,4525.0,m3/s,appd-bg,daily,daily_mean,official,novo-selo-2022.pdf
Novo Selo,novo-selo,2022-05-13,water_discharge,4835.0,m3/s,appd-bg,daily,daily_mean,official,novo-selo-2022.pdf
Novo Selo,novo-selo,2022-05-14,water_discharge,4443.0,m3/s,appd-bg,daily,daily_mean,official,novo-selo-2022.pdf
Novo Selo,novo-selo,2022-05-15,water_discharge,4142.0,m3/s,appd-bg,daily,daily_mean,official,novo-selo-2022.pdf
Novo Selo,novo-selo,2022-05-16,water_discharge,4620.0,m3/s,appd-bg,daily,daily_mean,official,novo-selo-2022.pdf
Novo Selo,novo-selo,2022-05-17,water_discharge,4561.0,m3/s,appd-bg,daily,daily_mean,official,novo-selo-2022.pdf
Novo Selo,novo-selo,2022-05-18,water_discharge,4443.0,m3/s,appd-bg,daily,daily_mean,official,novo-selo-2022.pdf
Novo Selo,novo-selo,2022-05-19,water_discharge,4315.0,m3/s,appd-bg,daily,daily_mean,official,novo-selo-2022.pdf
Novo Selo,novo-selo,2022-05-20,water_discharge,4443.0,m3/s,appd-bg,daily,daily_mean,official,novo-selo-2022.pdf
Novo Selo,novo-selo,2022-05-21,water_discharge,4443.0,m3/s,appd-bg,daily,daily_mean,official,novo-selo-2022.pdf
Novo Selo,novo-selo,2022-05-22,water_discharge,4443.0,m3/s,appd-bg,daily,daily_mean,official,novo-selo-2022.pdf
Novo Selo,novo-selo,2022-05-23,water_discharge,4431.0,m3/s,appd-bg,daily,daily_mean,official,novo-selo-2022.pdf
Novo Selo,novo-selo,2022-05-24,water_discharge,4326.0,m3/s,appd-bg,daily,daily_mean,official,novo-selo-2022.pdf
Novo Selo,novo-selo,2022-05-25,water_discharge,4292.0,m3/s,appd-bg,daily,daily_mean,official,novo-selo-2022.pdf
Novo Selo,novo-selo,2022-05-26,water_discharge,4188.0,m3/s,appd-bg,daily,daily_mean,official,novo-selo-2022.pdf
Novo Selo,novo-selo,2022-05-27,water_discharge,4006.0,m3/s,appd-bg,daily,daily_mean,official,novo-selo-2022.pdf
Novo Selo,novo-selo,2022-05-28,water_discharge,4028.0,m3/s,appd-bg,daily,daily_mean,official,novo-selo-2022.pdf
Novo Selo,novo-selo,2022-05-29,water_discharge,4119.0,m3/s,appd-bg,daily,daily_mean,official,novo-selo-2022.pdf
Novo Selo,novo-selo,2022-05-30,water_discharge,4006.0,m3/s,appd-bg,daily,daily_mean,official,novo-selo-2022.pdf
Novo Selo,novo-selo,2022-05-31,water_discharge,4222.0,m3/s,appd-bg,daily,daily_mean,official,novo-selo-2022.pdf
Novo Selo,novo-selo,2022-06-01,water_discharge,4119.0,m3/s,appd-bg,daily,daily_mean,official,novo-selo-2022.pdf
Novo Selo,novo-selo,2022-06-02,water_discharge,4142.0,m3/s,appd-bg,daily,daily_mean,official,novo-selo-2022.pdf
Novo Selo,novo-selo,2022-06-03,water_discharge,4085.0,m3/s,appd-bg,daily,daily_mean,official,novo-selo-2022.pdf
Novo Selo,novo-selo,2022-06-04,water_discharge,3983.0,m3/s,appd-bg,daily,daily_mean,official,novo-selo-2022.pdf
Novo Selo,novo-selo,2022-06-05,water_discharge,3804.0,m3/s,appd-bg,daily,daily_mean,official,novo-selo-2022.pdf
Novo Selo,novo-selo,2022-06-06,water_discharge,3715.0,m3/s,appd-bg,daily,daily_mean,official,novo-selo-2022.pdf
Novo Selo,novo-selo,2022-06-07,water_discharge,3715.0,m3/s,appd-bg,daily,daily_mean,official,novo-selo-2022.pdf
Novo Selo,novo-selo,2022-06-08,water_discharge,3671.0,m3/s,appd-bg,daily,daily_mean,official,novo-selo-2022.pdf
Novo Selo,novo-selo,2022-06-09,water_discharge,3649.0,m3/s,appd-bg,daily,daily_mean,official,novo-selo-2022.pdf
Novo Selo,novo-selo,2022-06-10,water_discharge,3682.0,m3/s,appd-bg,daily,daily_mean,official,novo-selo-2022.pdf
Novo Selo,novo-selo,2022-06-11,water_discharge,3671.0,m3/s,appd-bg,daily,daily_mean,official,novo-selo-2022.pdf
Novo Selo,novo-selo,2022-06-12,water_discharge,3781.0,m3/s,appd-bg,daily,daily_mean,official,novo-selo-2022.pdf
Novo Selo,novo-selo,2022-06-13,water_discharge,3848.0,m3/s,appd-bg,daily,daily_mean,official,novo-selo-2022.pdf
Novo Selo,novo-selo,2022-06-14,water_discharge,4644.0,m3/s,appd-bg,daily,daily_mean,official,novo-selo-2022.pdf
Novo Selo,novo-selo,2022-06-15,water_discharge,4727.0,m3/s,appd-bg,daily,daily_mean,official,novo-selo-2022.pdf
Novo Selo,novo-selo,2022-06-16,water_discharge,5079.0,m3/s,appd-bg,daily,daily_mean,official,novo-selo-2022.pdf
Novo Selo,novo-selo,2022-06-17,water_discharge,4884.0,m3/s,appd-bg,daily,daily_mean,official,novo-selo-2022.pdf
Novo Selo,novo-selo,2022-06-18,water_discharge,4584.0,m3/s,appd-bg,daily,daily_mean,official,novo-selo-2022.pdf
Novo Selo,novo-selo,2022-06-19,water_discharge,4573.0,m3/s,appd-bg,daily,daily_mean,official,novo-selo-2022.pdf
Novo Selo,novo-selo,2022-06-20,water_discharge,3960.0,m3/s,appd-bg,daily,daily_mean,official,novo-selo-2022.pdf
Novo Selo,novo-selo,2022-06-21,water_discharge,3915.0,m3/s,appd-bg,daily,daily_mean,official,novo-selo-2022.pdf
Novo Selo,novo-selo,2022-06-22,water_discharge,3682.0,m3/s,appd-bg,daily,daily_mean,official,novo-selo-2022.pdf
Novo Selo,novo-selo,2022-06-23,water_discharge,3464.0,m3/s,appd-bg,daily,daily_mean,official,novo-selo-2022.pdf
Novo Selo,novo-selo,2022-06-24,water_discharge,3346.0,m3/s,appd-bg,daily,daily_mean,official,novo-selo-2022.pdf
Novo Selo,novo-selo,2022-06-25,water_discharge,3240.0,m3/s,appd-bg,daily,daily_mean,official,novo-selo-2022.pdf
Novo Selo,novo-selo,2022-06-26,water_discharge,3145.0,m3/s,appd-bg,daily,daily_mean,official,novo-selo-2022.pdf
Novo Selo,novo-selo,2022-06-27,water_discharge,2989.0,m3/s,appd-bg,daily,daily_mean,official,novo-selo-2022.pdf
Novo Selo,novo-selo,2022-06-28,water_discharge,2876.0,m3/s,appd-bg,daily,daily_mean,official,novo-selo-2022.pdf
Novo Selo,novo-selo,2022-06-29,water_discharge,2815.0,m3/s,appd-bg,daily,daily_mean,official,novo-selo-2022.pdf
Novo Selo,novo-selo,2022-06-30,water_discharge,2775.0,m3/s,appd-bg,daily,daily_mean,official,novo-selo-2022.pdf
Novo Selo,novo-selo,2022-07-01,water_discharge,2876.0,m3/s,appd-bg,daily,daily_mean,official,novo-selo-2022.pdf
Novo Selo,novo-selo,2022-07-02,water_discharge,2917.0,m3/s,appd-bg,daily,daily_mean,official,novo-selo-2022.pdf
Novo Selo,novo-selo,2022-07-03,water_discharge,2805.0,m3/s,appd-bg,daily,daily_mean,official,novo-selo-2022.pdf
Novo Selo,novo-selo,2022-07-04,water_discharge,2785.0,m3/s,appd-bg,daily,daily_mean,official,novo-selo-2022.pdf
Novo Selo,novo-selo,2022-07-05,water_discharge,2948.0,m3/s,appd-bg,daily,daily_mean,official,novo-selo-2022.pdf
Novo Selo,novo-selo,2022-07-06,water_discharge,3061.0,m3/s,appd-bg,daily,daily_mean,official,novo-selo-2022.pdf
Novo Selo,novo-selo,2022-07-07,water_discharge,3061.0,m3/s,appd-bg,daily,daily_mean,official,novo-selo-2022.pdf
Novo Selo,novo-selo,2022-07-08,water_discharge,3166.0,m3/s,appd-bg,daily,daily_mean,official,novo-selo-2022.pdf
Novo Selo,novo-selo,2022-07-09,water_discharge,3061.0,m3/s,appd-bg,daily,daily_mean,official,novo-selo-2022.pdf
Novo Selo,novo-selo,2022-07-10,water_discharge,2825.0,m3/s,appd-bg,daily,daily_mean,official,novo-selo-2022.pdf
Novo Selo,novo-selo,2022-07-11,water_discharge,2704.0,m3/s,appd-bg,daily,daily_mean,official,novo-selo-2022.pdf
Novo Selo,novo-selo,2022-07-12,water_discharge,2694.0,m3/s,appd-bg,daily,daily_mean,official,novo-selo-2022.pdf
Novo Selo,novo-selo,2022-07-13,water_discharge,2634.0,m3/s,appd-bg,daily,daily_mean,official,novo-selo-2022.pdf
Novo Selo,novo-selo,2022-07-14,water_discharge,2775.0,m3/s,appd-bg,daily,daily_mean,official,novo-selo-2022.pdf
Novo Selo,novo-selo,2022-07-15,water_discharge,2704.0,m3/s,appd-bg,daily,daily_mean,official,novo-selo-2022.pdf
Novo Selo,novo-selo,2022-07-16,water_discharge,2654.0,m3/s,appd-bg,daily,daily_mean,official,novo-selo-2022.pdf
Novo Selo,novo-selo,2022-07-17,water_discharge,2674.0,m3/s,appd-bg,daily,daily_mean,official,novo-selo-2022.pdf
Novo Selo,novo-selo,2022-07-18,water_discharge,2536.0,m3/s,appd-bg,daily,daily_mean,official,novo-selo-2022.pdf
Novo Selo,novo-selo,2022-07-19,water_discharge,2467.0,m3/s,appd-bg,daily,daily_mean,official,novo-selo-2022.pdf
Novo Selo,novo-selo,2022-07-20,water_discharge,2409.0,m3/s,appd-bg,daily,daily_mean,official,novo-selo-2022.pdf
Novo Selo,novo-selo,2022-07-21,water_discharge,2302.0,m3/s,appd-bg,daily,daily_mean,official,novo-selo-2022.pdf
Novo Selo,novo-selo,2022-07-22,water_discharge,2236.0,m3/s,appd-bg,daily,daily_mean,official,novo-selo-2022.pdf
Novo Selo,novo-selo,2022-07-23,water_discharge,2179.0,m3/s,appd-bg,daily,daily_mean,official,novo-selo-2022.pdf
Novo Selo,novo-selo,2022-07-24,water_discharge,2103.0,m3/s,appd-bg,daily,daily_mean,official,novo-selo-2022.pdf
Novo Selo,novo-selo,2022-07-25,water_discharge,2075.0,m3/s,appd-bg,daily,daily_mean,official,novo-selo-2022.pdf
Novo Selo,novo-selo,2022-07-26,water_discharge,2038.0,m3/s,appd-bg,daily,daily_mean,official,novo-selo-2022.pdf
Novo Selo,novo-selo,2022-07-27,water_discharge,2010.0,m3/s,appd-bg,daily,daily_mean,official,novo-selo-2022.pdf
Novo Selo,novo-selo,2022-07-28,water_discharge,1955.0,m3/s,appd-bg,daily,daily_mean,official,novo-selo-2022.pdf
Novo Selo,novo-selo,2022-07-29,water_discharge,1928.0,m3/s,appd-bg,daily,daily_mean,official,novo-selo-2022.pdf
Novo Selo,novo-selo,2022-07-30,water_discharge,1864.0,m3/s,appd-bg,daily,daily_mean,official,novo-selo-2022.pdf
Novo Selo,novo-selo,2022-07-31,water_discharge,1836.0,m3/s,appd-bg,daily,daily_mean,official,novo-selo-2022.pdf
Novo Selo,novo-selo,2022-08-01,water_discharge,1864.0,m3/s,appd-bg,daily,daily_mean,official,novo-selo-2022.pdf
Novo Selo,novo-selo,2022-08-02,water_discharge,1882.0,m3/s,appd-bg,daily,daily_mean,official,novo-selo-2022.pdf
Novo Selo,novo-selo,2022-08-03,water_discharge,1882.0,m3/s,appd-bg,daily,daily_mean,official,novo-selo-2022.pdf
Novo Selo,novo-selo,2022-08-04,water_discharge,1900.0,m3/s,appd-bg,daily,daily_mean,official,novo-selo-2022.pdf
Novo Selo,novo-selo,2022-08-05,water_discharge,1909.0,m3/s,appd-bg,daily,daily_mean,official,novo-selo-2022.pdf
Novo Selo,novo-selo,2022-08-06,water_discharge,1955.0,m3/s,appd-bg,daily,daily_mean,official,novo-selo-2022.pdf
Novo Selo,novo-selo,2022-08-07,water_discharge,1955.0,m3/s,appd-bg,daily,daily_mean,official,novo-selo-2022.pdf
Novo Selo,novo-selo,2022-08-08,water_discharge,2020.0,m3/s,appd-bg,daily,daily_mean,official,novo-selo-2022.pdf
Novo Selo,novo-selo,2022-08-09,water_discharge,2029.0,m3/s,appd-bg,daily,daily_mean,official,novo-selo-2022.pdf
Novo Selo,novo-selo,2022-08-10,water_discharge,1973.0,m3/s,appd-bg,daily,daily_mean,official,novo-selo-2022.pdf
Novo Selo,novo-selo,2022-08-11,water_discharge,1928.0,m3/s,appd-bg,daily,daily_mean,official,novo-selo-2022.pdf
Novo Selo,novo-selo,2022-08-12,water_discharge,1909.0,m3/s,appd-bg,daily,daily_mean,official,novo-selo-2022.pdf
Novo Selo,novo-selo,2022-08-13,water_discharge,1900.0,m3/s,appd-bg,daily,daily_mean,official,novo-selo-2022.pdf
Novo Selo,novo-selo,2022-08-14,water_discharge,1882.0,m3/s,appd-bg,daily,daily_mean,official,novo-selo-2022.pdf
Novo Selo,novo-selo,2022-08-15,water_discharge,1836.0,m3/s,appd-bg,daily,daily_mean,official,novo-selo-2022.pdf
Novo Selo,novo-selo,2022-08-16,water_discharge,1809.0,m3/s,appd-bg,daily,daily_mean,official,novo-selo-2022.pdf
Novo Selo,novo-selo,2022-08-17,water_discharge,1764.0,m3/s,appd-bg,daily,daily_mean,official,novo-selo-2022.pdf
Novo Selo,novo-selo,2022-08-18,water_discharge,1755.0,m3/s,appd-bg,daily,daily_mean,official,novo-selo-2022.pdf
Novo Selo,novo-selo,2022-08-19,water_discharge,1755.0,m3/s,appd-bg,daily,daily_mean,official,novo-selo-2022.pdf
Novo Selo,novo-selo,2022-08-20,water_discharge,1755.0,m3/s,appd-bg,daily,daily_mean,official,novo-selo-2022.pdf
Novo Selo,novo-selo,2022-08-21,water_discharge,1746.0,m3/s,appd-bg,daily,daily_mean,official,novo-selo-2022.pdf
Novo Selo,novo-selo,2022-08-22,water_discharge,1755.0,m3/s,appd-bg,daily,daily_mean,official,novo-selo-2022.pdf
Novo Selo,novo-selo,2022-08-23,water_discharge,1818.0,m3/s,appd-bg,daily,daily_mean,official,novo-selo-2022.pdf
Novo Selo,novo-selo,2022-08-24,water_discharge,1855.0,m3/s,appd-bg,daily,daily_mean,official,novo-selo-2022.pdf
Novo Selo,novo-selo,2022-08-25,water_discharge,1973.0,m3/s,appd-bg,daily,daily_mean,official,novo-selo-2022.pdf
Novo Selo,novo-selo,2022-08-26,water_discharge,1973.0,m3/s,appd-bg,daily,daily_mean,official,novo-selo-2022.pdf
Novo Selo,novo-selo,2022-08-27,water_discharge,2075.0,m3/s,appd-bg,daily,daily_mean,official,novo-selo-2022.pdf
Novo Selo,novo-selo,2022-08-28,water_discharge,2255.0,m3/s,appd-bg,daily,daily_mean,official,novo-selo-2022.pdf
Novo Selo,novo-selo,2022-08-29,water_discharge,2370.0,m3/s,appd-bg,daily,daily_mean,official,novo-selo-2022.pdf
Novo Selo,novo-selo,2022-08-30,water_discharge,2409.0,m3/s,appd-bg,daily,daily_mean,official,novo-selo-2022.pdf
Novo Selo,novo-selo,2022-08-31,water_discharge,2379.0,m3/s,appd-bg,daily,daily_mean,official,novo-selo-2022.pdf
Novo Selo,novo-selo,2022-09-01,water_discharge,2379.0,m3/s,appd-bg,daily,daily_mean,official,novo-selo-2022.pdf
Novo Selo,novo-selo,2022-09-02,water_discharge,2341.0,m3/s,appd-bg,daily,daily_mean,official,novo-selo-2022.pdf
Novo Selo,novo-selo,2022-09-03,water_discharge,2350.0,m3/s,appd-bg,daily,daily_mean,official,novo-selo-2022.pdf
Novo Selo,novo-selo,2022-09-04,water_discharge,2350.0,m3/s,appd-bg,daily,daily_mean,official,novo-selo-2022.pdf
Novo Selo,novo-selo,2022-09-05,water_discharge,2322.0,m3/s,appd-bg,daily,daily_mean,official,novo-selo-2022.pdf
Novo Selo,novo-selo,2022-09-06,water_discharge,2350.0,m3/s,appd-bg,daily,daily_mean,official,novo-selo-2022.pdf
Novo Selo,novo-selo,2022-09-07,water_discharge,2341.0,m3/s,appd-bg,daily,daily_mean,official,novo-selo-2022.pdf
Novo Selo,novo-selo,2022-09-08,water_discharge,2409.0,m3/s,appd-bg,daily,daily_mean,official,novo-selo-2022.pdf
Novo Selo,novo-selo,2022-09-09,water_discharge,2379.0,m3/s,appd-bg,daily,daily_mean,official,novo-selo-2022.pdf
Novo Selo,novo-selo,2022-09-10,water_discharge,2350.0,m3/s,appd-bg,daily,daily_mean,official,novo-selo-2022.pdf
Novo Selo,novo-selo,2022-09-11,water_discharge,2264.0,m3/s,appd-bg,daily,daily_mean,official,novo-selo-2022.pdf
Novo Selo,novo-selo,2022-09-12,water_discharge,2169.0,m3/s,appd-bg,daily,daily_mean,official,novo-selo-2022.pdf
Novo Selo,novo-selo,2022-09-13,water_discharge,2141.0,m3/s,appd-bg,daily,daily_mean,official,novo-selo-2022.pdf
Novo Selo,novo-selo,2022-09-14,water_discharge,2066.0,m3/s,appd-bg,daily,daily_mean,official,novo-selo-2022.pdf
Novo Selo,novo-selo,2022-09-15,water_discharge,2029.0,m3/s,appd-bg,daily,daily_mean,official,novo-selo-2022.pdf
Novo Selo,novo-selo,2022-09-16,water_discharge,1992.0,m3/s,appd-bg,daily,daily_mean,official,novo-selo-2022.pdf
Novo Selo,novo-selo,2022-09-17,water_discharge,2010.0,m3/s,appd-bg,daily,daily_mean,official,novo-selo-2022.pdf
Novo Selo,novo-selo,2022-09-18,water_discharge,2085.0,m3/s,appd-bg,daily,daily_mean,official,novo-selo-2022.pdf
Novo Selo,novo-selo,2022-09-19,water_discharge,2370.0,m3/s,appd-bg,daily,daily_mean,official,novo-selo-2022.pdf
Novo Selo,novo-selo,2022-09-20,water_discharge,2418.0,m3/s,appd-bg,daily,daily_mean,official,novo-selo-2022.pdf
Novo Selo,novo-selo,2022-09-21,water_discharge,2605.0,m3/s,appd-bg,daily,daily_mean,official,novo-selo-2022.pdf
Novo Selo,novo-selo,2022-09-22,water_discharge,3197.0,m3/s,appd-bg,daily,daily_mean,official,novo-selo-2022.pdf
Novo Selo,novo-selo,2022-09-23,water_discharge,3671.0,m3/s,appd-bg,daily,daily_mean,official,novo-selo-2022.pdf
Novo Selo,novo-selo,2022-09-24,water_discharge,3737.0,m3/s,appd-bg,daily,daily_mean,official,novo-selo-2022.pdf
Novo Selo,novo-selo,2022-09-25,water_discharge,3893.0,m3/s,appd-bg,daily,daily_mean,official,novo-selo-2022.pdf
Novo Selo,novo-selo,2022-09-26,water_discharge,3927.0,m3/s,appd-bg,daily,daily_mean,official,novo-selo-2022.pdf
Novo Selo,novo-selo,2022-09-27,water_discharge,4632.0,m3/s,appd-bg,daily,daily_mean,official,novo-selo-2022.pdf
Novo Selo,novo-selo,2022-09-28,water_discharge,4455.0,m3/s,appd-bg,daily,daily_mean,official,novo-selo-2022.pdf
Novo Selo,novo-selo,2022-09-29,water_discharge,4525.0,m3/s,appd-bg,daily,daily_mean,official,novo-selo-2022.pdf
Novo Selo,novo-selo,2022-09-30,water_discharge,4751.0,m3/s,appd-bg,daily,daily_mean,official,novo-selo-2022.pdf
Novo Selo,novo-selo,2022-10-01,water_discharge,4165.0,m3/s,appd-bg,daily,daily_mean,official,novo-selo-2022.pdf
Novo Selo,novo-selo,2022-10-02,water_discharge,3616.0,m3/s,appd-bg,daily,daily_mean,official,novo-selo-2022.pdf
Novo Selo,novo-selo,2022-10-03,water_discharge,3759.0,m3/s,appd-bg,daily,daily_mean,official,novo-selo-2022.pdf
Novo Selo,novo-selo,2022-10-04,water_discharge,4051.0,m3/s,appd-bg,daily,daily_mean,official,novo-selo-2022.pdf
Novo Selo,novo-selo,2022-10-05,water_discharge,4315.0,m3/s,appd-bg,daily,daily_mean,official,novo-selo-2022.pdf
Novo Selo,novo-selo,2022-10-06,water_discharge,4420.0,m3/s,appd-bg,daily,daily_mean,official,novo-selo-2022.pdf
Novo Selo,novo-selo,2022-10-07,water_discharge,4751.0,m3/s,appd-bg,daily,daily_mean,official,novo-selo-2022.pdf
Novo Selo,novo-selo,2022-10-08,water_discharge,4872.0,m3/s,appd-bg,daily,daily_mean,official,novo-selo-2022.pdf
Novo Selo,novo-selo,2022-10-09,water_discharge,5103.0,m3/s,appd-bg,daily,daily_mean,official,novo-selo-2022.pdf
Novo Selo,novo-selo,2022-10-10,water_discharge,5190.0,m3/s,appd-bg,daily,daily_mean,official,novo-selo-2022.pdf
Novo Selo,novo-selo,2022-10-11,water_discharge,5314.0,m3/s,appd-bg,daily,daily_mean,official,novo-selo-2022.pdf
Novo Selo,novo-selo,2022-10-12,water_discharge,5277.0,m3/s,appd-bg,daily,daily_mean,official,novo-selo-2022.pdf
Novo Selo,novo-selo,2022-10-13,water_discharge,4584.0,m3/s,appd-bg,daily,daily_mean,official,novo-selo-2022.pdf
Novo Selo,novo-selo,2022-10-14,water_discharge,4443.0,m3/s,appd-bg,daily,daily_mean,official,novo-selo-2022.pdf
Novo Selo,novo-selo,2022-10-15,water_discharge,4315.0,m3/s,appd-bg,daily,daily_mean,official,novo-selo-2022.pdf
Novo Selo,novo-selo,2022-10-16,water_discharge,3616.0,m3/s,appd-bg,daily,daily_mean,official,novo-selo-2022.pdf
Novo Selo,novo-selo,2022-10-17,water_discharge,3453.0,m3/s,appd-bg,daily,daily_mean,official,novo-selo-2022.pdf
Novo Selo,novo-selo,2022-10-18,water_discharge,3389.0,m3/s,appd-bg,daily,daily_mean,official,novo-selo-2022.pdf
Novo Selo,novo-selo,2022-10-19,water_discharge,3229.0,m3/s,appd-bg,daily,daily_mean,official,novo-selo-2022.pdf
Novo Selo,novo-selo,2022-10-20,water_discharge,3134.0,m3/s,appd-bg,daily,daily_mean,official,novo-selo-2022.pdf
Novo Selo,novo-selo,2022-10-21,water_discharge,3010.0,m3/s,appd-bg,daily,daily_mean,official,novo-selo-2022.pdf
Novo Selo,novo-selo,2022-10-22,water_discharge,2846.0,m3/s,appd-bg,daily,daily_mean,official,novo-selo-2022.pdf
Novo Selo,novo-selo,2022-10-23,water_discharge,2765.0,m3/s,appd-bg,daily,daily_mean,official,novo-selo-2022.pdf
Novo Selo,novo-selo,2022-10-24,water_discharge,2674.0,m3/s,appd-bg,daily,daily_mean,official,novo-selo-2022.pdf
Novo Selo,novo-selo,2022-10-25,water_discharge,2654.0,m3/s,appd-bg,daily,daily_mean,official,novo-selo-2022.pdf
Novo Selo,novo-selo,2022-10-26,water_discharge,2615.0,m3/s,appd-bg,daily,daily_mean,official,novo-selo-2022.pdf
Novo Selo,novo-selo,2022-10-27,water_discharge,2575.0,m3/s,appd-bg,daily,daily_mean,official,novo-selo-2022.pdf
Novo Selo,novo-selo,2022-10-28,water_discharge,2467.0,m3/s,appd-bg,daily,daily_mean,official,novo-selo-2022.pdf
Novo Selo,novo-selo,2022-10-29,water_discharge,2438.0,m3/s,appd-bg,daily,daily_mean,official,novo-selo-2022.pdf
Novo Selo,novo-selo,2022-10-30,water_discharge,2438.0,m3/s,appd-bg,daily,daily_mean,official,novo-selo-2022.pdf
Novo Selo,novo-selo,2022-10-31,water_discharge,2418.0,m3/s,appd-bg,daily,daily_mean,official,novo-selo-2022.pdf
Novo Selo,novo-selo,2022-11-01,water_discharge,2545.0,m3/s,appd-bg,daily,daily_mean,official,novo-selo-2022.pdf
Novo Selo,novo-selo,2022-11-02,water_discharge,2615.0,m3/s,appd-bg,daily,daily_mean,official,novo-selo-2022.pdf
Novo Selo,novo-selo,2022-11-03,water_discharge,2714.0,m3/s,appd-bg,daily,daily_mean,official,novo-selo-2022.pdf
Novo Selo,novo-selo,2022-11-04,water_discharge,2744.0,m3/s,appd-bg,daily,daily_mean,official,novo-selo-2022.pdf
Novo Selo,novo-selo,2022-11-05,water_discharge,2684.0,m3/s,appd-bg,daily,daily_mean,official,novo-selo-2022.pdf
Novo Selo,novo-selo,2022-11-06,water_discharge,2585.0,m3/s,appd-bg,daily,daily_mean,official,novo-selo-2022.pdf
Novo Selo,novo-selo,2022-11-07,water_discharge,2526.0,m3/s,appd-bg,daily,daily_mean,official,novo-selo-2022.pdf
Novo Selo,novo-selo,2022-11-08,water_discharge,2516.0,m3/s,appd-bg,daily,daily_mean,official,novo-selo-2022.pdf
Novo Selo,novo-selo,2022-11-09,water_discharge,2486.0,m3/s,appd-bg,daily,daily_mean,official,novo-selo-2022.pdf
Novo Selo,novo-selo,2022-11-10,water_discharge,2467.0,m3/s,appd-bg,daily,daily_mean,official,novo-selo-2022.pdf
Novo Selo,novo-selo,2022-11-11,water_discharge,2457.0,m3/s,appd-bg,daily,daily_mean,official,novo-selo-2022.pdf
Novo Selo,novo-selo,2022-11-12,water_discharge,2526.0,m3/s,appd-bg,daily,daily_mean,official,novo-selo-2022.pdf
Novo Selo,novo-selo,2022-11-13,water_discharge,2634.0,m3/s,appd-bg,daily,daily_mean,official,novo-selo-2022.pdf
Novo Selo,novo-selo,2022-11-14,water_discharge,2795.0,m3/s,appd-bg,daily,daily_mean,official,novo-selo-2022.pdf
Novo Selo,novo-selo,2022-11-15,water_discharge,2714.0,m3/s,appd-bg,daily,daily_mean,official,novo-selo-2022.pdf
Novo Selo,novo-selo,2022-11-16,water_discharge,2704.0,m3/s,appd-bg,daily,daily_mean,official,novo-selo-2022.pdf
Novo Selo,novo-selo,2022-11-17,water_discharge,2684.0,m3/s,appd-bg,daily,daily_mean,official,novo-selo-2022.pdf
Novo Selo,novo-selo,2022-11-18,water_discharge,2634.0,m3/s,appd-bg,daily,daily_mean,official,novo-selo-2022.pdf
Novo Selo,novo-selo,2022-11-19,water_discharge,2605.0,m3/s,appd-bg,daily,daily_mean,official,novo-selo-2022.pdf
Novo Selo,novo-selo,2022-11-20,water_discharge,2565.0,m3/s,appd-bg,daily,daily_mean,official,novo-selo-2022.pdf
Novo Selo,novo-selo,2022-11-21,water_discharge,2555.0,m3/s,appd-bg,daily,daily_mean,official,novo-selo-2022.pdf
Novo Selo,novo-selo,2022-11-22,water_discharge,3229.0,m3/s,appd-bg,daily,daily_mean,official,novo-selo-2022.pdf
Novo Selo,novo-selo,2022-11-23,water_discharge,3704.0,m3/s,appd-bg,daily,daily_mean,official,novo-selo-2022.pdf
Novo Selo,novo-selo,2022-11-24,water_discharge,4303.0,m3/s,appd-bg,daily,daily_mean,official,novo-selo-2022.pdf
Novo Selo,novo-selo,2022-11-25,water_discharge,5364.0,m3/s,appd-bg,daily,daily_mean,official,novo-selo-2022.pdf
Novo Selo,novo-selo,2022-11-26,water_discharge,5289.0,m3/s,appd-bg,daily,daily_mean,official,novo-selo-2022.pdf
Novo Selo,novo-selo,2022-11-27,water_discharge,5578.0,m3/s,appd-bg,daily,daily_mean,official,novo-selo-2022.pdf
Novo Selo,novo-selo,2022-11-28,water_discharge,5822.0,m3/s,appd-bg,daily,daily_mean,official,novo-selo-2022.pdf
Novo Selo,novo-selo,2022-11-29,water_discharge,6187.0,m3/s,appd-bg,daily,daily_mean,official,novo-selo-2022.pdf
Novo Selo,novo-selo,2022-11-30,water_discharge,5951.0,m3/s,appd-bg,daily,daily_mean,official,novo-selo-2022.pdf
Novo Selo,novo-selo,2022-12-01,water_discharge,5642.0,m3/s,appd-bg,daily,daily_mean,official,novo-selo-2022.pdf
Novo Selo,novo-selo,2022-12-02,water_discharge,5314.0,m3/s,appd-bg,daily,daily_mean,official,novo-selo-2022.pdf
Novo Selo,novo-selo,2022-12-03,water_discharge,5042.0,m3/s,appd-bg,daily,daily_mean,official,novo-selo-2022.pdf
Novo Selo,novo-selo,2022-12-04,water_discharge,4679.0,m3/s,appd-bg,daily,daily_mean,official,novo-selo-2022.pdf
Novo Selo,novo-selo,2022-12-05,water_discharge,4326.0,m3/s,appd-bg,daily,daily_mean,official,novo-selo-2022.pdf
Novo Selo,novo-selo,2022-12-06,water_discharge,4373.0,m3/s,appd-bg,daily,daily_mean,official,novo-selo-2022.pdf
Novo Selo,novo-selo,2022-12-07,water_discharge,4006.0,m3/s,appd-bg,daily,daily_mean,official,novo-selo-2022.pdf
Novo Selo,novo-selo,2022-12-08,water_discharge,3927.0,m3/s,appd-bg,daily,daily_mean,official,novo-selo-2022.pdf
Novo Selo,novo-selo,2022-12-09,water_discharge,4108.0,m3/s,appd-bg,daily,daily_mean,official,novo-selo-2022.pdf
Novo Selo,novo-selo,2022-12-10,water_discharge,4326.0,m3/s,appd-bg,daily,daily_mean,official,novo-selo-2022.pdf
Novo Selo,novo-selo,2022-12-11,water_discharge,4119.0,m3/s,appd-bg,daily,daily_mean,official,novo-selo-2022.pdf
Novo Selo,novo-selo,2022-12-12,water_discharge,4222.0,m3/s,appd-bg,daily,daily_mean,official,novo-selo-2022.pdf
Novo Selo,novo-selo,2022-12-13,water_discharge,5116.0,m3/s,appd-bg,daily,daily_mean,official,novo-selo-2022.pdf
Novo Selo,novo-selo,2022-12-14,water_discharge,5252.0,m3/s,appd-bg,daily,daily_mean,official,novo-selo-2022.pdf
Novo Selo,novo-selo,2022-12-15,water_discharge,5427.0,m3/s,appd-bg,daily,daily_mean,official,novo-selo-2022.pdf
Novo Selo,novo-selo,2022-12-16,water_discharge,5464.0,m3/s,appd-bg,daily,daily_mean,official,novo-selo-2022.pdf
Novo Selo,novo-selo,2022-12-17,water_discharge,6319.0,m3/s,appd-bg,daily,daily_mean,official,novo-selo-2022.pdf
Novo Selo,novo-selo,2022-12-18,water_discharge,6956.0,m3/s,appd-bg,daily,daily_mean,official,novo-selo-2022.pdf
Novo Selo,novo-selo,2022-12-19,water_discharge,7446.0,m3/s,appd-bg,daily,daily_mean,official,novo-selo-2022.pdf
Novo Selo,novo-selo,2022-12-20,water_discharge,7746.0,m3/s,appd-bg,daily,daily_mean,official,novo-selo-2022.pdf
Novo Selo,novo-selo,2022-12-21,water_discharge,7560.0,m3/s,appd-bg,daily,daily_mean,official,novo-selo-2022.pdf
Novo Selo,novo-selo,2022-12-22,water_discharge,7688.0,m3/s,appd-bg,daily,daily_mean,official,novo-selo-2022.pdf
Novo Selo,novo-selo,2022-12-23,water_discharge,7053.0,m3/s,appd-bg,daily,daily_mean,official,novo-selo-2022.pdf
Novo Selo,novo-selo,2022-12-24,water_discharge,7067.0,m3/s,appd-bg,daily,daily_mean,official,novo-selo-2022.pdf
Novo Selo,novo-selo,2022-12-25,water_discharge,7432.0,m3/s,appd-bg,daily,daily_mean,official,novo-selo-2022.pdf
Novo Selo,novo-selo,2022-12-26,water_discharge,7418.0,m3/s,appd-bg,daily,daily_mean,official,novo-selo-2022.pdf
Novo Selo,novo-selo,2022-12-27,water_discharge,6319.0,m3/s,appd-bg,daily,daily_mean,official,novo-selo-2022.pdf
Novo Selo,novo-selo,2022-12-28,water_discharge,6399.0,m3/s,appd-bg,daily,daily_mean,official,novo-selo-2022.pdf
Novo Selo,novo-selo,2022-12-29,water_discharge,7545.0,m3/s,appd-bg,daily,daily_mean,official,novo-selo-2022.pdf
Novo Selo,novo-selo,2022-12-30,water_discharge,6956.0,m3/s,appd-bg,daily,daily_mean,official,novo-selo-2022.pdf
Novo Selo,novo-selo,2022-12-31,water_discharge,6751.0,m3/s,appd-bg,daily,daily_mean,official,novo-selo-2022.pdf
